t,c1,c2,c3,c4,c5,c6,c7,c8,c9,c10,c11,c12,c13,c14,c15,c16,c17,c18,c19,c20,c21,c22,c23,c24,c25,c26
0.0016666651666966555,0.000000009048374994713459,0.3076447498202222,0.04071768747621041,0.00008124107028794638,0.024999393346420026,0.000000009048374994713459,0.35250279888277086,0.0000006136222281985092,0.000000013031345572953416,0.000000010019879602818116,0.00000009055142469193599,0.000000009048374994713459,0.0143672034344115,0.00000009352839147571085,0.040678275298822134,0.0000023507777646218635,0.000000009048374994713459,0.000000009048721766277068,0.00000000995522535180299,0.00000017401092118446764,0.0000001485822644831746,0.00000000000024559351524672343,0.00000001924472391119852,0.000000009900990397926694,0.000000009048374994713459,0.000000009048374994713459,
0.0033333318334112486,0.000000008187308267637445,0.27836848109967843,0.036842887204365446,0.00008213823179797241,0.024998844435728352,0.000000008187308267637445,0.34803938051622874,0.0000011547637019973937,0.000000020800549139708834,0.000000010039570696711724,0.0000001719074941431789,0.000000008187308267637445,0.014408409189204455,0.0000003531076879540496,0.07377592403115857,0.000008030558023994533,0.00000000981603551963732,0.000000008187622039524669,0.000000009902816457835013,0.0000001708918275849986,0.00000045578280522845366,0.00000000000027142281071867567,0.000000026813670836265976,0.000000009803922320874245,0.000000008187308267637445,0.000000008187308267637445,
0.00499999850012584,0.000000007408182873553272,0.2518782177008362,0.033336822930988184,0.00008278064758735019,0.02499834777118172,0.000000007408182873553272,0.31758360921013384,0.0000016403193743985603,0.00000003190938786537903,0.000000010059052686287276,0.00000025384428007397304,0.000000007408182873553272,0.014417177957375979,0.000000805863041009375,0.10066810835720962,0.000016583278019236082,0.00000001085499908556549,0.000000007408466786098238,0.000000009842859049162307,0.00000015571238768738805,0.0000007200810474856306,0.00000000000029996859690863095,0.0000000330106002031451,0.000000009708739297359984,0.000000007408182873553272,0.000000007408182873553272,
0.006666665166840433,0.000000006703201063643968,0.2279088361639268,0.030164404786398955,0.00008323435719750486,0.024997898379019584,0.000000006703201063643968,0.2886085630336202,0.0000020763468377975445,0.000000045274010873299904,0.000000010078313731157305,0.0000003361809498313673,0.000000006703201063643968,0.014428373227288235,0.0000014711104029354295,0.12248073544438882,0.00002739207834412179,0.000000012005944849225492,0.000000006703457958338728,0.000000009775475963306542,0.00000014139819177853552,0.0000009372853236996273,0.00000000000033151656963935757,0.000000038084216814571986,0.000000009615386907385387,0.000000006703201063643968,0.000000006703201063643968,
0.008333331833555026,0.0000000060653071430036885,0.2062204428621481,0.02729388214351722,0.0000835482839895429,0.024997491759137694,0.0000000060653071430036885,0.26229242452717216,0.0000024681809997429454,0.0000000600595896709905,0.000000010097349230323281,0.00000041878363410409336,0.0000000060653071430036885,0.01444153434803426,0.0000023691285158708135,0.14013561478808445,0.00003991525578451264,0.000000013280723380429498,0.000000006065539590935953,0.000000009700821918070687,0.00000012840264072266454,0.0000011154219754097921,0.00000000000036638247162561213,0.0000000422381430068555,0.000000009523812794303584,0.0000000060653071430036885,0.0000000060653071430036885,
0.009999998499344433,0.0000000054881168548706836,0.18659597306560705,0.024696525846916024,0.00008375867435655835,0.024997123839953724,0.0000000054881168548706836,0.23846807610205678,0.0000028205312367107226,0.00000007562830315010812,0.000000010116159330346903,0.000000501556270486479,0.0000000054881168548706836,0.014456284743076728,0.000003512779608612177,0.15438745487008632,0.00005355152172744016,0.000000014692460569193177,0.000000005488327182457394,0.000000009619078169284807,0.00000011663475831731127,0.0000012615813322288537,0.0000000000004049152525333335,0.00000004563909069616773,0.000000009433966579143712,0.0000000054881168548706836,0.0000000054881168548706836,
0.01166666516513384,0.000000004965853484840621,0.16883901848459096,0.022346340681780985,0.00008389238307718692,0.02499679093757588,0.000000004965853484840621,0.21690514012571924,0.000003137563654529465,0.00000009149790940542436,0.000000010134746471121095,0.000000584430526182081,0.000000004965853484840621,0.0144723162598064,0.0000049410021933746685,0.16585415346043367,0.00006815637909876868,0.000000016255687087745175,0.000000004966043797111429,0.000000009530448190042501,0.00000010598037108220035,0.000001381581196456165,0.0000000000004475005613851139,0.00000004842355209431501,0.00000000934579977319049,0.000000004965853484840621,0.000000004965853484840621,
0.013333331830923247,0.000000004493290045567999,0.15277186154931913,0.02021980520505348,0.00008396930695592426,0.02499648971886856,0.000000004493290045567999,0.19738875778422627,0.000003422971032883191,0.00000010730873835467819,0.00000001015311340389604,0.0000006673581226488996,0.000000004493290045567999,0.014489376505473328,0.000006687703440056043,0.17504159721894072,0.00008347165432239747,0.00000001798649039372202,0.000000004493462247231976,0.000000009435154229328087,0.00000009633359547521531,0.0000014801720597473605,0.0000000000004945646062653822,0.000000050703277609370266,0.000000009259265691966811,0.000000004493290045567999,0.000000004493290045567999,
0.014999998496712654,0.000000004065696963318378,0.13823369675284208,0.018295636334931108,0.00008400418776024106,0.024996217168039347,0.000000004065696963318378,0.1797238642981194,0.0000036800325384218465,0.0000001227973928035849,0.000000010171261800380746,0.0000007503052011815142,0.000000004065696963318378,0.014507258936134077,0.0000087886108994963,0.18236396589149664,0.00009925509371221694,0.00000001990267911310115,0.000000004065852777827147,0.000000009333434528471614,0.00000008759835806283149,0.0000015612329298081168,0.0000000000005465784199540199,0.0000000525697607748515,0.000000009174319372254489,0.000000004065696963318378,0.000000004065696963318378,
0.01666666516250206,0.0000000036787947428055955,0.12507902125540782,0.016554576342624836,0.00008400794793463062,0.024995970556411753,0.0000000036787947428055955,0.16373386474604737,0.000003911664900239399,0.00000013777580078087403,0.00000001018919141814535,0.000000833248214227817,0.0000000036787947428055955,0.014525794544652644,0.00001128289831026202,0.18816035597981254,0.00011529853610612747,0.000000022023965652494213,0.0000000036789357296030756,0.000000009225541021406068,0.00000007968768736096994,0.0000016279325895606006,0.0000000000006040625741808887,0.00000005409791020125355,0.000000009090917492889825,0.0000000036787947428055955,0.0000000036787947428055955,
0.01833333183014184,0.0000000033287111365644864,0.11317617864321163,0.014979200114540342,0.00008398868017947025,0.02499574741508012,0.0000000033287111365644864,0.14925894295294242,0.00000412046643023724,0.00000015211454101562806,0.000000010206899724055002,0.0000009161709394350617,0.0000000033287111365644864,0.014544845055362516,0.000014213186294002054,0.19270839105097695,0.00013142110703471117,0.000000024372168300240607,0.0000000033288387066943502,0.000000009111737389716762,0.00000007252287564334415,0.0000016828608494642278,0.0000000000006675923896826092,0.000000055349055916974386,0.000000009009018299605088,0.0000000033287111365644864,0.0000000033287111365644864,
0.019999998497781616,0.0000000030119423901967846,0.10240604126670583,0.013553740755884272,0.00008395238059769247,0.024995545510170317,0.0000000030119423901967846,0.13615447535123112,0.000004308755021800454,0.0000001657295833614791,0.000000010224381861654956,0.0000009990623171595858,0.0000000030119423901967846,0.014564297352273119,0.000017625479083110055,0.19623536491631882,0.00014746371042280085,0.000000026971434882178918,0.00000000301205782042353,0.000000008992297377984948,0.00000006603269808003775,0.0000017281353078826118,0.0000000000007378036942058643,0.00000005637341075297719,0.00000000892858153390895,0.0000000030119423901967846,0.0000000030119423901967846,
0.021666665165421393,0.0000000027253181756188987,0.09266081797105154,0.012263931790282862,0.00008390349186415914,0.02499536282045863,0.0000000027253181756188987,0.12428958852917321,0.000004478601060021627,0.00000017857175981967473,0.000000010241630855877382,0.000001081914890837764,0.0000000027253181756188987,0.014584058917207939,0.00002156902275836095,0.19892736489449866,0.0001632846087375543,0.00000002984849025794484,0.0000000027254226212069032,0.000000008867503300657669,0.00000006015270324282876,0.0000017654882335699397,0.0000000000008153991860851139,0.000000057212085554826565,0.000000008849568365868994,0.0000000027253181756188987,0.0000000027253181756188987,
0.023333331833061174,0.0000000024659698613536187,0.08384297528602515,0.01109686437608875,0.00008384530564943654,0.024995197517122394,0.0000000024659698613536187,0.11354585317769349,0.000004631856015093466,0.00000019061841959714132,0.0000000102586379655423,0.0000011647236878624861,0.0000000024659698613536187,0.014604054094800237,0.000026096069856484738,0.20093674130738143,0.00017875592365131657,0.000000033032910186954564,0.00000000246606436762974,0.000000008737644690808592,0.00000005482457076006112,0.0000017963373141892182,0.0000000000009011554670838146,0.000000057898739099368506,0.00000000877194133059357,0.0000000024659698613536187,0.0000000024659698613536187,
0.024999998500700952,0.0000000022313018023018063,0.07586426127825154,0.010040858110355821,0.00008378026077044444,0.02499504794542046,0.0000000022313018023018063,0.10381610241459704,0.000004770177359487831,0.00000020186683109919093,0.000000010275393113613326,0.0000012474854215854438,0.0000000022313018023018063,0.014624221034453997,0.00003126153521032165,0.20238822298595316,0.00019376092246547438,0.00000003655742436226217,0.000000002231387315116655,0.000000008603017055309911,0.00000004999553013012332,0.0000018218433001995322,0.000000000000995930814885863,0.00000005846092893288385,0.000000008695664268189897,0.0000000022313018023018063,0.0000000022313018023018063,
0.02666666516834073,0.0000000020189653616536723,0.06864482229622419,0.00910135376493199,0.0000837101666266205,0.0249949126081192,0.0000000020189653616536723,0.09500336279768684,0.000004895050342917327,0.00000021232898091643062,0.000000010291885343494894,0.000001330197926963164,0.0000000020189653616536723,0.014644509260807634,0.000037067096375184284,0.2033842906103687,0.0002082474173146977,0.000000040387084737491546,0.0000000020190427368482958,0.00000000846392071139371,0.000000045617834938988973,0.0000018429569965973,0.000000000001098737644780993,0.00000005892121733997582,0.000000008620702266971814,0.0000000020189653616536723,0.0000000020189653616536723,
0.02833333183598051,0.0000000018268354049427088,0.06211240376805339,0.008443884897669382,0.00008363648056663897,0.024994790150496347,0.0000000018268354049427088,0.08701988730575423,0.00000500780707194322,0.00000022202748966370522,0.000000010308103265268572,0.0000014128598090652938,0.0000000018268354049427088,0.014664879120970802,0.000042768158387030584,0.2040270423588074,0.00022291942069003839,0.00000004359230888401026,0.0000000018269054169141342,0.000000008320659686223038,0.000000041648287202465503,0.00000186045758963514,0.0000000000011842889998133591,0.00000005929807655212916,0.000000008547021609703951,0.0000000018268354049427088,0.0000000018268354049427088,
0.029999998503620288,0.000000001652989030985026,0.05620162705349025,0.008039953535007733,0.00008356035508863254,0.02499467934677423,0.000000001652989030985026,0.07978628055178304,0.000005109643269638942,0.00000023099241948678062,0.000000010324035468299744,0.0000014954702950964057,0.000000001652989030985026,0.014685300815421659,0.000047981661961303074,0.20441572592661278,0.00023812986542218193,0.00000004584616453338599,0.0000000016530523804365208,0.000000008173540660673648,0.000000038047807018733397,0.000001874983920905505,0.0000000000012437882826633004,0.0000000596066298614098,0.0000000084745897226767,0.000000001652989030985026,0.000000001652989030985026,
0.031666665171260065,0.00000000149568632683829,0.05107087104641918,0.007821472968420378,0.00008348254302718169,0.02499457898181199,0.00000000149568632683829,0.0732461363396887,0.000005201730236994463,0.00000023926761878506083,0.000000010339670924760222,0.0000015780289595946395,0.00000000149568632683829,0.01470575252073424,0.000052601387150510164,0.20461834182021732,0.00025396319181857747,0.00000004719243811329916,0.0000000014957436477923856,0.000000008022871956412979,0.00000003478179877465224,0.0000018870579759081324,0.0000000000012785315554212798,0.00000005985951772751947,0.000000008403375127428422,0.00000000149568632683829,0.00000000149568632683829,
0.033333331838899846,0.00000000135335295416799,0.04700639122883091,0.007742445882919973,0.00008340357979767149,0.024994487197331588,0.00000000135335295416799,0.06742732364857969,0.0000052858154748122016,0.00000024696387371242226,0.000000010355000165821017,0.0000016605354026918458,0.00000000135335295416799,0.014726217965032509,0.00005658665432820203,0.20468086153958304,0.00027044391697758017,0.000000047740478211530765,0.0000000013534048203121973,0.000000007868962576171304,0.00000003182843640999079,0.0000018970957986385176,0.0000000000012915815171611657,0.00000006006876211023819,0.00000000833334739496002,0.00000000135335295416799,0.00000000135335295416799,
0.03499999850283888,0.0000000012245643927406223,0.04373228891916194,0.0077431160509796185,0.00008332382211857819,0.024994402254997276,0.0000000012245643927406223,0.06229686239051111,0.000005363522951674189,0.00000025419555812116475,0.00000001037001667845984,0.0000017429889377714508,0.0000000013216154092232156,0.014746685240120967,0.000060123849122343395,0.20466323851411616,0.000287374059489834,0.00000004780269295216371,0.0000000012246113231687571,0.00000000771212129961161,0.000000029168905133037097,0.0000019054436681841037,0.0000000000012914697305530959,0.00000006024397140553298,0.000000008264477102254466,0.0000000012245643927406223,0.0000000012245643927406223,
0.03666666516677792,0.0000000011080316833462518,0.041056906077975026,0.007746590326535362,0.00008324347452194442,0.024994322865027736,0.0000000011080316833462518,0.057771788450073615,0.000005436055925124664,0.00000026104920136459134,0.000000010384716770044222,0.0000018253886421996279,0.0000000013208854883846895,0.014767150510258132,0.00006364112941076991,0.2046427970661786,0.00030432209421047725,0.00000004784756411985226,0.000000001108074147753502,0.000000007552655818477497,0.00000002677613932294582,0.000001912392223393515,0.0000000000012908905180832594,0.00000006039222240092767,0.000000008196735790939893,0.0000000011108189470863508,0.0000000011080316833462518,
0.03833333183071695,0.000000001002588527461112,0.038848806611375734,0.007750068257118193,0.00008316267184410372,0.024994248035294906,0.000000001002588527461112,0.05376577317698615,0.0000055043385869351286,0.0000002675927443377761,0.0000000103990992576974,0.0000019077335176762854,0.0000000013201565393103316,0.01478761373622465,0.00006715542176586253,0.20462235397844264,0.0003212710726227615,0.00000004789236584989252,0.0000000010026269508457059,0.000000007390871891297124,0.00000002462054765127458,0.0000019181802671800354,0.000000000001290311216396748,0.00000006051953081908245,0.000000008130095928012976,0.0000000010168639985807764,0.000000001002588527461112,
0.039999998494655985,0.0000000009071796145403867,0.037012915781111946,0.007753548684133385,0.00008308151690201624,0.02499417698341977,0.0000000009071796145403867,0.05020195085491406,0.000005569098637153249,0.0000002738808686995468,0.000000010413165227992618,0.0000019900225919861034,0.0000000013194285652827191,0.014808074917883107,0.00007066673411533717,0.20460190990765686,0.00033822098667289754,0.0000000479371053350528,0.0000000009072143814565229,0.000000007227072521263622,0.00000002267414979618116,0.0000019230023445295833,0.0000000000012897320191544913,0.00000006063064599520542,0.000000008064530868490582,0.000000000938565755174425,0.0000000009071796145403867,
0.041666665158595025,0.0000000008208500601155429,0.03547805472789279,0.0077570306816360955,0.0000830000894633276,0.02499410908142095,0.0000000008208500601155429,0.04701516699897519,0.0000056309192989151285,0.0000002799583353992636,0.000000010426917832640434,0.0000020722549591926257,0.0000000013187015752528405,0.01482853405515698,0.00007417507428431449,0.2045814653750813,0.00035517182845956705,0.00000004798178834318771,0.000000000820881518522177,0.0000000070615571652292836,0.00000002091201411082441,0.000001927016806612593,0.0000000000012891530806593153,0.00000006072901109782542,0.000000008000014819863631,0.0000000008724939092766314,0.0000000008208500601155429,
0.04333333182253406,0.0000000007427358489896337,0.03418964475269879,0.007760513504494167,0.00008291845225532711,0.024994043818307363,0.0000000007427358489896337,0.044151100755108835,0.0000056902744529572485,0.0000002858622559499277,0.000000010440362105904767,0.0000021544297889738826,0.0000000013179755808680123,0.014848991148016624,0.000077680449987569,0.20456102080008048,0.0003721235902484824,0.00000004802641953439194,0.0000000007427643137330788,0.000000006894620979406668,0.00000001931244766118458,0.0000019303528888463345,0.0000000000012885745246379548,0.00000006081717382793209,0.000000007936522808253312,0.0000000008161132171583832,0.0000000007427358489896337,
0.04499999848647309,0.0000000006720551878825431,0.03310507390104126,0.007763996549065717,0.00008283665518680285,0.024993980773606376,0.0000000006720551878825431,0.04156464408409987,0.000005747553482308826,0.00000029162372132211854,0.000000010453504797123638,0.0000022365463237226878,0.0000000013172505946560263,0.014869446196472087,0.00008118286882494108,0.20454057652224114,0.00038907626445024363,0.000000048071002701663864,0.0000000006720809438474878,0.000000006726554104774293,0.00000001785673373193394,0.0000019331165022879905,0.0000000000012879964509004519,0.0000000608970555674914,0.000000007874030646180033,0.0000000007675143656669416,0.0000000006720551878825431,
0.04666666515041213,0.0000000006081006809813316,0.03219058421381926,0.007767479323191496,0.0000827547383840582,0.024993919598027832,0.0000000006081006809813316,0.039218288599794614,0.000005803079397955703,0.0000002972690106446518,0.000000010466354214818806,0.0000023186038714703386,0.0000000013165266289657005,0.014889899200563788,0.00008468233828668023,0.20452013281664924,0.0004060298436179859,0.00000004811554095459422,0.0000000006081239859421467,0.000000006557640993875625,0.000000016528747304676564,0.0000019353948479582003,0.0000000000012874189404203278,0.00000006097012971308631,0.000000007812514901849828,0.0000000007252356532233858,0.0000000006081006809813316,
0.04833333181435116,0.0000000005502322500850696,0.03141909787485428,0.007770961423305755,0.00008267273441394216,0.024993859999021754,0.0000000005502322500850696,0.03708072924336079,0.000005857122365537108,0.00000030282050914543005,0.000000010478920080312757,0.0000024006017979417088,0.0000000013158036953852556,0.014910350160358484,0.0000881788657584612,0.20449968990945994,0.0004229843204384669,0.000000048160036859511014,0.0000000005502533372856428,0.0000000063881597800142364,0.000000015314572053456313,0.000001937260061763531,0.0000000000012868420592089383,0.00000006103754288241601,0.0000000077519528698672,0.0000000006881417973968061,0.0000000005502322500850696,
0.049999998478290196,0.0000000004978707284870641,0.030768656414269527,0.00777444251670239,0.00008259066993606019,0.024993801729792715,0.0000000004978707284870641,0.03512571459057063,0.000005909909978748669,0.0000003082974171843409,0.000000010491213389512405,0.0000024825395190142215,0.00000000131508180444445,0.014930799075943023,0.0000916724585254974,0.20447924798754402,0.00043993968771136434,0.00000004820449254807372,0.0000000004978898089752445,0.000000006218381689499156,0.00000001420215921546591,0.0000019387720917467714,0.0000000000012862658613162661,0.00000006110019913415494,0.000000007692322543307331,0.0000000006553397285077314,0.0000000004978707284870641,
0.051666665142229236,0.00000000045049206447991413,0.030221276527406166,0.007777922327763047,0.0000825085669466432,0.024993744580830726,0.00000000045049206447991413,0.03333111841431327,0.000005961635175255975,0.0000003137163052538819,0.000000010503246281971396,0.0000025644164940021666,0.0000000013143609654864846,0.014951245947422616,0.00009516312378137505,0.20445880720570525,0.0004568959383523104,0.00000004824890980162985,0.00000000045050932921953244,0.000000006048570497325874,0.000000013181036832550742,0.0000019399809760464022,0.000000000001285690391160801,0.00000006115881964376193,0.000000007633602587065653,0.0000000006261189267686493,0.00000000045049206447991413,
0.05333333180616827,0.00000000040762207646972787,0.02976209739280266,0.007781400627173354,0.00008242644372577725,0.024993688373299915,0.00000000040762207646972787,0.031678194745294305,0.000006012462412223322,0.0000003190915532637041,0.000000010515031916623662,0.0000026462322198360264,0.0000000013136411866506296,0.014971690774916321,0.00009865086863257842,0.20443836769343168,0.00047385306537745713,0.000000048293290117268364,0.0000000004076376982521251,0.00000000587898202650476,0.000000012242066449673993,0.000001940928654651322,0.000000000001285115685353495,0.00000006121398573684122,0.000000007575772312420292,0.0000000005999084012963436,0.00000000040762207646972787,
0.0549999984701073,0.000000000368831707207324,0.029378736505651017,0.007784877223408144,0.00008234431556614954,0.02499363295380879,0.000000000368831707207324,0.030150980390423115,0.0000060625325375368255,0.0000003244357016382154,0.000000010526584353791205,0.000002727986226079512,0.0000000013129224749069273,0.014992133558555167,0.00010213570010278154,0.20441792955904325,0.000490811061889277,0.000000048337634759989355,0.0000000003688458423805777,0.000000005709863691075126,0.000000011377240943033852,0.0000019416504179046054,0.0000000000012845417741375882,0.00000006126617041918083,0.000000007518811652740456,0.0000000005762451719391102,0.000000000368831707207324,
0.05666666513404634,0.0000000003337327296392718,0.029060797296947924,0.007788351955938421,0.00008226219533969024,0.02499357819024977,0.0000000003337327296392718,0.028735814466348597,0.000006111966671006978,0.00000032975973442109883,0.000000010537918443199385,0.000002809678070677937,0.0000000013122048361352889,0.01501257429848079,0.00010561762514196317,0.20439749289406878,0.0005077699210867838,0.00000004838194480433371,0.00000000033374551967293554,0.000000005541454082711846,0.000000010579516761223622,0.0000019421760708496876,0.0000000000012839686825369073,0.00000006131576181682872,0.000000007462701140283558,0.0000000005547508405719065,0.0000000003337327296392718,
0.058333331797985374,0.00000000030197386140088917,0.028799488843587545,0.007791824689823081,0.00008218009394063411,0.024993523968453536,0.00000000030197386140088917,0.0274209504459417,0.000006160869325707517,0.0000003350733094375356,0.000000010549049717844417,0.000002891307336330493,0.0000000013114882752069017,0.015033012994843201,0.0001090966506274556,0.20437705777566928,0.0005247296362417654,0.00000004842622116752655,0.00000000030198543430192764,0.000000005373982600677449,0.00000000984267451952274,0.0000019425308741569912,0.0000000000012833964312699466,0.00000006136308083639807,0.000000007407421884023193,0.0000000005351139416588559,0.00000000030197386140088917,
0.05999999846192441,0.0000000002799406005654176,0.028587329371317256,0.0077952953075181184,0.00008209802449620987,0.024993470189451826,0.00000000027323724906433163,0.026196241400487954,0.000006209330940241342,0.0000003403849468740378,0.000000010559994293609876,0.00000297287362809943,0.0000000013107727967229036,0.01505344964779976,0.00011257278341526112,0.20435662426953666,0.0005416902006530837,0.00000004847046466002306,0.00000000027324772065818584,0.000000005207669124747082,0.000000009161202813849864,0.000001942736308416533,0.0000000000012828250381169742,0.00000006140839463478009,0.0000000073529555491055155,0.0000000005170764816694742,0.00000000027323724906433163,
0.06166666512586345,0.00000000027056688168967955,0.028417913062769928,0.007798763687836927,0.00008201602034237523,0.024993416767279748,0.00000000024723528695460406,0.025052883331979442,0.000006257429950139179,0.0000003457021849389659,0.000000010570768774592001,0.0000030543765852330764,0.0000000013100584080413652,0.015073884257513402,0.00011604603056827917,0.20433619243162562,0.0005586516074268179,0.00000004851467611612816,0.00000000024724476204457197,0.000000005042723730313374,0.000000008530201025866433,0.0000019428106979944218,0.0000000000012822545213924298,0.0000000614519270067955,0.000000007299284339569929,0.0000000005004235553646216,0.00000000024723528695460406,
0.06333333178980248,0.0000000002626867198702878,0.02828572522540812,0.007802229742790901,0.00008193409506645179,0.024993363627092206,0.00000000022370773869539486,0.023983204807717942,0.000006305234495675143,0.0000003510317092783037,0.000000010581390164097292,0.0000031358158825183083,0.0000000013093451126807472,0.015094316824152855,0.00011951639889198105,0.20431576230977244,0.000575613849923121,0.00000004855885616475946,0.00000000022371631211131056,0.000000004879346444719643,0.000000007945297681091543,0.000001942769722613943,0.0000000000012816848938907231,0.00000006149386650392219,0.0000000072463909721748,0.0000000004849752502084112,0.00000000022370773869539486,
0.06499999845374152,0.0000000002548497757264884,0.028185994578799948,0.007805693407782996,0.00008185225019856163,0.024993310703692914,0.0000000002024191326757938,0.022980493682134603,0.000006352803840549183,0.0000003563794613253416,0.000000010591875781303245,0.0000032171912087546993,0.0000000013086329116648184,0.015114747347891623,0.00012298389500351334,0.20429533394505917,0.0005925769216993157,0.000000048603005290018794,0.00000000020242689022331655,0.000000004717727045540779,0.000000007402581582044857,0.000001942626838686974,0.0000000000012811161645202563,0.00000006153437281525075,0.000000007194258659094122,0.0000000004705802721392877,0.0000000002024191326757938,
0.06666666511768055,0.00000000024694472073193745,0.028114574366921337,0.0078091546292414805,0.00008177048590540784,0.024993257940223085,0.00000000018315640537145027,0.02203885367720363,0.000006400189558817309,0.00000036175072962194116,0.000000010602243183569607,0.0000032985022608712136,0.00000000130792180535096,0.015135175828906553,0.00012644852545414003,0.2042749073728168,0.0006095408163844592,0.00000004864712390788187,0.00000000018316342469071215,0.0000000045580448997937214,0.000000006898543466672495,0.000001942393627732917,0.0000000000012805483403485021,0.00000006157358183772735,0.000000007142871091952533,0.0000000004571108805467985,0.00000000018315640537145027,
0.06833333178902107,0.0000000002389991296792706,0.0280678460023087,0.007812613361946032,0.00008168880219500172,0.02499320528705305,0.00000000016572676893303768,0.021153085130181302,0.000006447436534764804,0.000000367150227296499,0.000000010612510094374224,0.0000033797487425912375,0.0000000013072117936758204,0.015155602267378342,0.000129910296743859,0.2042544826234945,0.0006265055276535523,0.00000004869121238270349,0.00000000016573312027577248,0.000000004400468842554041,0.0000000064300263710277456,0.0000019420800856027593,0.0000000000012799814270482617,0.00000006161160974333064,0.0000000070922124250176986,0.0000000004444588291113219,0.00000000016572676893303768,
0.06999999846036159,0.00000000023105069377246747,0.02804264042849891,0.007816069567637661,0.0000816071990488091,0.024993152700980317,0.00000000014995578170081094,0.02031858540319914,0.000006494583810732017,0.00000037258215821842096,0.000000010622694336839257,0.0000034609303636568163,0.0000000013065028762244195,0.015176026663489989,0.000133369215329931,0.2042340597234603,0.0006434710492437043,0.00000004873527103575788,0.00000000014996152863336167,0.000000004245157093865425,0.0000000059941832198898865,0.0000019416948634197324,0.0000000000012794154291313982,0.0000000616485562659453,0.000000007042267258929725,0.00000000043253208696216685,0.00000000014995578170081094,
0.07166666513170211,0.00000000022313359548325592,0.028036173510136174,0.00781952321400247,0.00008152567643806369,0.024993100144491822,0.00000000013568560233373055,0.019531265369846246,0.000006541665310489025,0.0000003780502738343978,0.000000010632813772791072,0.0000035420468391755183,0.0000000013057950522666244,0.015196449017427628,0.0001368252876214768,0.20421363869557999,0.0006604373749167191,0.00000004877930015147961,0.00000000013569080237332446,0.000000004092257212829548,0.000000005588440443518439,0.0000019412454689667957,0.0000000000012788503501201883,0.0000000616845073770228,0.000000006993020625094772,0.00000000042125217076771844,0.00000000013568560233373055,
0.07333333180304263,0.0000000002152774268521973,0.02804599259783159,0.007822974273762563,0.00008144423432705335,0.02499304758427216,0.00000000012277341008030608,0.01878747911125686,0.000006588710460068211,0.00000038355792229147273,0.000000010642886247276836,0.0000036230978890365604,0.000000001305088320800017,0.01521686932937914,0.00014027851999036864,0.20419321955968722,0.0006774044984963925,0.00000004882329998304634,0.00000000012277811527070565,0.000000003941906087686682,0.0000000052104666386012765,0.0000019407384355365955,0.0000000000012782861927002563,0.00000006171953747840506,0.0000000069444579707254946,0.00000000041055195932994735,0.00000000012277341008030608,
0.07499999847438316,0.00000000020750748169712404,0.028069932047728577,0.007826422723963224,0.0000813628726746407,0.02499299499233518,0.00000000011108997538053752,0.018083964516127805,0.000006635744723546239,0.0000003891080911374454,0.000000010652929538441993,0.0000037040832373861364,0.0000000013043826805804177,0.015237287599534374,0.0001437289187689847,0.20417280233312515,0.0006943724138481213,0.0000000488672707567574,0.00000000011109423281285368,0.000000003794229960615052,0.000000004858145468081882,0.0000019401794639128993,0.0000000000012777229588406511,0.00000006175371121060584,0.000000006896565144502314,0.0000000004003738924292368,0.00000000011108997538053752,
0.07666666514572368,0.00000000019984518540750013,0.028106075957984745,0.007829868545372239,0.0000812815914353374,0.02499294234389767,0.00000000010051836649300013,0.017417792921097464,0.000006682790067812951,0.00000039470344464211165,0.000000010662961312642508,0.0000037850026121560043,0.0000000013036781301480936,0.015257703828084864,0.0001471764902485466,0.20415238703102231,0.0007113411148622518,0.000000048911212675722885,0.0000000001005222187770649,0.0000000036493444859074123,0.0000000045295521369304986,0.0000019395735420830177,0.0000000000012771606498949965,0.00000006178708495236717,0.000000006849328382822568,0.00000000039066847809932234,0.00000000010051836649300013,
0.0783333318170642,0.00000000019230851889804,0.028152726754300247,0.007833311721939526,0.00008120039056013569,0.024992889617739496,0.00000000009095277920272275,0.016786326277598084,0.0000067298653677093985,0.00000040034635658626207,0.000000010672999084673723,0.000003865855744642389,0.0000000013029746678562395,0.015278118015223633,0.0001506212406852939,0.20413197366646502,0.0007283105954731343,0.00000004895512592318664,0.0000000000909562648934859,0.000000003507354820104079,0.000000004222932896125715,0.000001938925046430788,0.0000000000012765992666922747,0.00000006181970807051414,0.000000006802734296612358,0.00000000038139304933488806,0.00000000009095277920272275,
0.07999999848840472,0.00000000018491241654642826,0.028208378542235773,0.007836752240348936,0.00008111926999715803,0.02499283679558537,0.00000000008229747789699011,0.016187180609327615,0.000006776986760710595,0.000000406038939209546,0.000000010683060182893762,0.000003946642369131532,0.0000000013022722918967168,0.015298530161144705,0.0001540631763032807,0.20411156225099555,0.0007452808496636918,0.00000004899901066528155,0.00000000008230063188041608,0.000000003368355742607026,0.0000000039366871206691345,0.0000019382378274791064,0.0000000000012760388096121237,0.00000006185162396636983,0.0000000067567698586718555,0.00000000037251072395530347,0.00000000008229747789699011,
0.08166666515974524,0.00000000017766913349848352,0.028271694365882196,0.007840190089667774,0.00008103822969217402,0.024992783861850595,0.00000000007446583741118805,0.015618194746639003,0.000006824167958720106,0.00000041178306888368206,0.000000010693161719137099,0.000004027362222570368,0.0000000013015710003165448,0.015318940266043366,0.00015750230328968496,0.2040911527948626,0.0007622518714375019,0.00000004904286705318382,0.00000000007446869125340565,0.0000000032324318052337015,0.0000000036693515837103624,0.000001937515282703395,0.0000000000012754792786438355,0.00000006188287095538327,0.000000006711422391530926,0.0000000003639895310403024,0.00000000007446583741118805,
0.08333333183108577,0.0000000001705885808723983,0.028341486685579724,0.007843625261021238,0.00008095726958900787,0.024992730803285904,0.00000000006737947605502305,0.015077403502607658,0.000006871420523151657,0.00000041758040897754205,0.000000010703320563158288,0.00000410801504427916,0.000000001300870791034454,0.015339348330116057,0.00016093862779750735,0.20407074530682578,0.0007792236548245348,0.00000004908669522511619,0.00000000006738205831824823,0.000000003099657509119295,0.0000000034195866112825383,0.0000019367604184949904,0.0000000000012749206734409955,0.00000006191348300904353,0.000000006666679555791074,0.00000000035580167479668993,0.00000000006737947605502305,
0.08499999850242629,0.00000000016367862878388728,0.02841670052330255,0.007847057747283937,0.00008087638962986531,0.024992677608784847,0.00000000006096747114224581,0.014563014599673145,0.000006918754108412234,0.0000004234324302987317,0.000000010713553321415138,0.000004188600575706416,0.000000001300171661865294,0.015359754353559907,0.00016437215595409906,0.2040503397947327,0.0007961961939126954,0.00000004913049530824907,0.0000000000609698076706339,0.0000000029700975073312045,0.000000003186163853376402,0.0000019359759029962435,0.0000000000012743629933730576,0.00000006194349038255214,0.000000006622529338929928,0.0000000003479229124697458,0.00000000006096747114224581,
0.08666666517376681,0.00000000015694537801469692,0.02849639883136113,0.00785048754288663,0.00008079558975559603,0.02499262426907125,0.00000000005516564917252995,0.014073388772580459,0.000006966176678036916,0.00000042934042943381727,0.000000010723876319956876,0.0000042691185602231245,0.0000000012994736105261948,0.01538015833657236,0.00016780289385298,0.2040299362654856,0.0008131694828064598,0.00000004917426741988521,0.00000000005516776335084317,0.000000002843806831515584,0.000000002967955449331429,0.0000019351641112359165,0.0000000000012738062375579534,0.00000006197292014712168,0.000000006578960044548487,0.0000000003403320273954649,0.00000000005516564917252995,
0.08833333184510733,0.0000000001503934017691339,0.028579749724882565,0.007853914643616273,0.00008071486990590505,0.024992570776536358,0.000000000049915943561549134,0.013607022568690683,0.000007013694697027083,0.0000004353055452537826,0.000000010734305591176574,0.0000043495687429571965,0.0000000012987766346483392,0.015400560279352254,0.00017123084755404217,0.20400953472509117,0.0008301435156228542,0.00000004921801166869473,0.00000000004991785654919819,0.0000000027208311408632276,0.000000002763924400432512,0.0000019343271637550975,0.0000000000012732504048956126,0.0000000620017966423194,0.000000006535960282038739,0.0000000003330103818071289,0.000000000049915943561549134,
0.08999999851644785,0.00000000014402603689100295,0.028666015285846058,0.00785733904636314,0.00008063423001944773,0.024992517125044182,0.00000000004516581349105985,0.01316253344469669,0.000007061313303377491,0.00000044132877380991463,0.000000010744856864149468,0.000004429950870580194,0.0000000012980807323708738,0.01542096018209863,0.00017465602309674167,0.20398913517891923,0.0008471182865421518,0.000000049261728156277943,0.00000000004533731690730056,0.0000000026012069917185513,0.000000002573143541432855,0.0000019334669598672303,0.0000000000012726954941098812,0.0000000620301418610537,0.000000006493518956655666,0.00000000032594153678444497,0.00000000004516581349105985,
0.09166666518778838,0.00000000013790440428691746,0.02875454170004897,0.007860760744587112,0.00008055366997515502,0.024992463309744174,0.00000000004086771806274643,0.012738646818910945,0.000007109036461317171,0.0000004474109818099359,0.000000010755545552928786,0.000004510264594806232,0.0000000012973859119975402,0.01544135804501125,0.00017807842657277507,0.2039687376360638,0.0008640937896735641,0.00000004930541700558897,0.00000000004449161374301877,0.000000002484962137266712,0.000000002398891960637275,0.0000019325853723245955,0.0000000000012721415044830056,0.00000006205797577763678,0.000000006451625259979929,0.00000000031911092894365547,0.00000000004086771806274643,
0.0933333318591289,0.00000000013218624850298456,0.02884475053120792,0.007864179731110274,0.00008047318955378395,0.024992409326965313,0.00000000003697864049291602,0.012334184807768149,0.0000071568670984114385,0.0000004535529188351371,0.000000010766386757342668,0.000004590509184377177,0.0000000012966921622592665,0.01546175386829047,0.0001814980640792768,0.20394834210591672,0.0008810700191052085,0.000000049349078343460464,0.00000000004455939107130168,0.0000000023721158305360206,0.000000002244446864366861,0.0000019316847324623264,0.000000000001271588435401665,0.0000000620853166274718,0.000000006410268660780752,0.0000000003125055952345323,0.00000000003697864049291602,
0.09499999853046942,0.00000000012688059790265904,0.02893613097227995,0.00786759600534768,0.00008039278868345838,0.024992355174042552,0.00000000003345965758609008,0.011948056401021779,0.000007204807228368771,0.00000045975522843626007,0.000000010777395271569304,0.000004670683854400283,0.0000000012959994778431727,0.015482147652138066,0.00018491494158590855,0.20392794859119195,0.0008980469690773205,0.00000004939271225522088,0.00000000004463442694417551,0.0000000022626791319881707,0.000000002107112561893796,0.000001930767236308012,0.0000000000012710362851883732,0.00000006211218114578762,0.000000006369438896175235,0.00000000030611393863594274,0.00000000003345965758609008,
0.09666666520180994,0.0000000001219343070170843,0.02902823293991013,0.007871009568335606,0.00008031246735321137,0.024992300849206305,0.00000000003027555017856347,0.011579248858218536,0.000007252858061131345,0.00000046601845822592074,0.000000010788585579959297,0.000004750787950064123,0.0000000012953078560395233,0.015502539396755517,0.00018832906501749217,0.20390755709378156,0.0009150246338739096,0.00000004943631881582325,0.000000000044650517964552594,0.000000002156655252590945,0.000000001984064589178747,0.000001929834676534809,0.0000000000012704850519086063,0.00000006213858477141966,0.000000006329125963090933,0.00000000029992552869877124,0.00000000003027555017856347,
0.09833333187315046,0.00000000011729478396843103,0.029120660900682667,0.007874420421888056,0.00008023222555040905,0.024992246351489573,0.00000000002739445065318977,0.011226820171085937,0.000007301020101624726,0.00000047234306906984784,0.000000010799971860700361,0.000004830820935626663,0.0000000012946172942389726,0.015522929102344504,0.0001917404402656451,0.2038871676151257,0.0009320030077959902,0.00000004947989809512479,0.000000000044602990787496565,0.0000000020540398967977353,0.0000000018729951357369625,0.0000019288885124583606,0.0000000000012699347335079542,0.00000006216454182061358,0.000000006289320110086453,0.00000000029393093183358034,0.00000000002739445065318977,
0.09999999854449099,0.00000000011291852423721026,0.02921306833670298,0.00787782856838868,0.00008015206325237456,0.02499219168061293,0.00000000002478752399754705,0.010889892440800433,0.0000073492932383581835,0.0000004787294434650949,0.00000001081156799244568,0.000004910782371564806,0.0000000012939277897816634,0.01554331676910683,0.00019514907319532983,0.20386678015660076,0.0009489820851760806,0.00000004952345015918452,0.000000000044492256988995555,0.000000001954821615049698,0.0000000017720387147087412,0.0000019279299449841223,0.0000000000012693853278461714,0.0000000621900656352362,0.0000000062500118294898915,0.00000000028812156701867667,0.00000000002478752399754705,
0.10166666521583151,0.00000000010877024479364567,0.029305152772615653,0.007881234010662107,0.00008007198042738751,0.024992136836908704,0.00000000002242867921344408,0.010567646044280902,0.000007397676822923208,0.0000004851778931827746,0.000000010823387562842574,0.000004990671895764979,0.0000000012932393399618683,0.015563702397244803,0.00019855496964884978,0.20384639471944935,0.0009659618603874504,0.00000004956697507106662,0.00000000004431936838945238,0.000000001858982165491936,0.0000000016796780015381015,0.000001926959973619159,0.0000000000012688368327182679,0.00000006221516870909578,0.000000006211191849832746,0.00000000028248958325081915,0.00000000002242867921344408,
0.10333333188717203,0.00000000010482124580114143,0.029396651298011355,0.007884636751914144,0.00007999197703643998,0.02499208182122032,0.00000000002029430818945061,0.010259314482581916,0.000007446169741310791,0.0000004916886662433708,0.000000010835443878674475,0.000005070489208676146,0.0000000012925519420349445,0.015584085986960294,0.00020195813544067522,0.2038260113047853,0.0009829423278157389,0.000000049610472891208194,0.0000000000440856326697605,0.000000001766496883010989,0.0000000015946704096057827,0.000001925979439264231,0.0000000000012682892458644098,0.00000006223986279550987,0.000000006172851128559708,0.0000000002770277555989066,0.00000000002029430818945061,
0.10499999855851255,0.00000000010104805448545421,0.029487336529098084,0.007888036795663952,0.00007991205303469002,0.02499202663488447,0.000000000018363049422968567,0.009964179819879564,0.0000074947704778614174,0.0000004982619532848194,0.000000010847749977379734,0.000005150234061523912,0.0000000012918655932270098,0.015604467538455643,0.00020535857635822373,0.20380562991362264,0.0009999234818577215,0.00000004965394367784462,0.00000000004379257040786446,0.0000000016773350536895223,0.000000001515992210243063,0.00000192498905668094,0.0000000000012677425649810599,0.00000006226415899884276,0.000000006134980845011028,0.0000000002717293971735526,0.000000000018363049422968567,
0.10666666522985307,0.00000000009743137711334889,0.029577012961525425,0.007891434145646557,0.00007983220837259226,0.024991971279607714,0.000000000016615574227145125,0.00968156863464265,0.000007543477172572098,0.0000005048978933768067,0.000000010860318639738078,0.000005229906246868693,0.0000000012911802907493098,0.015624847051933278,0.00020875629817279339,0.20378525054684177,0.001016905316964857,0.00000004969738748761867,0.000000000043441901958960617,0.000000001591460292855758,0.0000000014427956193475193,0.000001923989439425172,0.0000000000012671967877368233,0.00000006228806785229824,0.000000006097572393657335,0.00000000026658828470680647,0.000000000016615574227145125,
0.1083333319011936,0.00000000009395528847370304,0.029665513672902526,0.007894828805819954,0.00007975244299677951,0.024991915757439916,0.000000000015034393282875318,0.009410848415714365,0.000007592287672405802,0.0000005115965793292181,0.000000010873162403518497,0.0000053095055909759995,0.0000000012904960317960547,0.015645224527595487,0.00021215130662919965,0.20376487320522904,0.0010338878275956511,0.00000004974080437553289,0.00000000004303553614139375,0.0000000015088309249958944,0.0000000013743754568280862,0.0000019229811192124726,0.00000000000126665191177143,0.00000006231159938395921,0.000000006060617377583013,0.0000000002615985957606387,0.000000000015034393282875318,
0.10999999857253412,0.00000000009060659866524977,0.029752697339084602,0.007898220780320564,0.00007967275685075535,0.024991860070726863,0.000000000013603681599814465,0.009151424345488745,0.000007641199577181841,0.000000518358062537609,0.000000010886293577897487,0.000005389031947608298,0.0000000012898128135507526,0.015665599965645382,0.00021554360744629078,0.20374449788950041,0.0010508710082141432,0.000000049784194395231125,0.000000000042575558097214225,0.0000000014294003638784803,0.0000000013101429565731305,0.0000019219645611124915,0.0000000000012661079347030016,0.00000006233476317278908,0.000000006024107602203528,0.0000000002567548558584911,0.000000000013603681599814465,
0.11166666524387464,0.00000000008737435307623027,0.029838445532850026,0.007901610073408668,0.0000795931498754437,0.02499180422205515,0.000000000012309120134559121,0.008902736420433058,0.000007690210280565873,0.0000005251823574045186,0.000000010899724258471897,0.000005468485192941714,0.0000000012891306331940833,0.01568597336628414,0.00021893320632713223,0.2037241246002952,0.0010678548533336395,0.000000049827557599332186,0.00000000004206421615048745,0.0000000013531174913228497,0.00000000124960498410685,0.0000019209401755828784,0.0000000000012655648541368872,0.00000006235756839606814,0.0000000059880350692073795,0.000000000252051894071528,0.000000000012309120134559121,
0.11333333191521516,0.00000000008424943355141869,0.02992266027745527,0.007904996689468417,0.0000795136220096315,0.024991748214198188,0.000000000011137752480849434,0.008664256866131393,0.000007739317006628032,0.000000532069445371765,0.000000010913466342697858,0.000005547865221383097,0.0000000012884494879030318,0.015706344729715403,0.00022232010895166534,0.20370375333818322,0.0010848393574818564,0.000000049870894039442847,0.000000000041503907750265636,0.0000000012799270331278552,0.0000000011923473920136143,0.0000019199083280795954,0.0000000000012650226676657172,0.00000006238002386953497,0.000000005952391970716576,0.0000000002474848057938248,0.000000000011137752480849434,
0.11499999858655569,0.00000000008122423731232739,0.030005261830755654,0.007908380632995678,0.00007943417319032371,0.02499169205012663,0.000000000010077855197494953,0.00843548780993954,0.00000778851684239147,0.0000005390192785956334,0.000000010927531545605968,0.000005627171942115312,0.0000000012877693748521402,0.01572671405614188,0.0002257043209757725,0.20368338410367745,0.001101824515195554,0.00000004991420376622292,0.000000000040897164623285154,0.0000000012097699307577691,0.0000000011380215761957024,0.0000019188693467908975,0.0000000000012644813728714042,0.00000006240213808132485,0.000000005917170683652431,0.00000000024304892161654816,0.000000000010077855197494953,
0.11666666525789621,0.00000000007829241627326866,0.03008618667832304,0.00791176190856497,0.00007935480335303676,0.02499163573290595,0.000000000009118820476242104,0.008215959179367634,0.000007837806766754606,0.0000005460317832940538,0.00000001094193141565256,0.0000057064052762364266,0.0000000012870902912182278,0.015747081345766238,0.0002290858480357942,0.20366301689724414,0.0011188103210386638,0.00000004995748682959618,0.000000000040246637273268234,0.0000000011425837074712727,0.0000000010863335335330707,0.0000019178235289027485,0.0000000000012639409673304734,0.00000006242391922064365,0.0000000058823637643014005,0.00000000023873978136234413,0.000000000009118820476242104,
0.11833333192923673,0.00000000007544866375017372,0.030165385716316655,0.00791514052080884,0.00007927551243203471,0.024991579265746883,0.000000000008251049975256263,0.00800522679869687,0.000007887183676132366,0.0000005531068627925399,0.000000010956677350586889,0.00000578556515438681,0.00000000128641223418283,0.01576744659879124,0.00023246469575023763,0.20364265171926446,0.0011357967696081323,0.000000050000743278880674,0.00000000003955507896995951,0.000000001078302827662361,0.000000001037034893025511,0.0000019167711457060514,0.0000000000012634014486173786,0.00000006244537520200444,0.000000005847963943068989,0.0000000002345531124728709,0.000000000008251049975256263,
0.11999999860057725,0.0000000000726885387161696,0.030242822606853844,0.007918516474431788,0.00007919630036052999,0.024991522651917997,0.000000000007465858755697077,0.0078028706600314435,0.000007936644407132557,0.0000005602444002931744,0.000000010971780613215813,0.000005864651514780785,0.0000000012857352009296748,0.01578780981541969,0.00023584086971431653,0.20362228857008927,0.001152783855509505,0.00000005004397316270073,0.000000000038825329374877745,0.000000001016859048273595,0.0000000009899155177980778,0.0000019157124467814728,0.0000000000012628628143022932,0.00000006246651368570677,0.000000005813964119421106,0.0000000002304848120556234,0.000000000007465858755697077,
0.12166666527191777,0.00000000007000832007464184,0.030318472290369283,0.007921889774200972,0.00007911716707084233,0.024991465894744807,0.000000000006755388359925996,0.007608493348206667,0.00000798618575655319,0.0000005674442613891991,0.000000010987252346971261,0.000005943664301575137,0.0000000012850591886455755,0.015808170995854538,0.00023921437549982575,0.2036019274500268,0.0011697715733552767,0.00000005008717652904591,0.000000000038060297952081175,0.0000000009581817612317181,0.000000000944797367895289,0.000001914647663445233,0.0000000000012623250619526113,0.00000006248734209515958,0.000000005780357356996667,0.00000000022653093199551933,0.000000000006755388359925996,
0.1233333319432583,0.00000000006740488513522596,0.03039231964092483,0.007925260424894585,0.00007903811249454242,0.024991408997584178,0.000000000006112528161425632,0.007421718601729175,0.000008035804498960146,0.0000005747062963458739,0.000000011003103591192653,0.00000602260346352023,0.0000000012843841945283328,0.015828530140298825,0.0002425852186658829,0.20358156835934701,0.0011867599178099564,0.00000005013035342559715,0.00000000003726294731132657,0.0000000009021983259459886,0.0000000009015293828593664,0.0000019135770115966592,0.0000000000012617881891411804,0.00000006250786763157881,0.000000005747136878890555,0.00000000022268766662200052,0.000000000006112528161425632,
0.12499999861459882,0.00000000006487560776084306,0.03046435825178095,0.007928628431341985,0.00007895913656256104,0.024991351963833907,0.000000000005530844199256388,0.007242189994278683,0.000008085497402084252,0.0000005820303421666017,0.000000011019345296051037,0.000006101468952850761,0.0000000012837102157822402,0.015848887248954373,0.00024595340474771677,0.20356121129828406,0.001203748883541096,0.000000050173503899469515,0.00000000003643627662818115,0.0000000008488343910031813,0.0000000008599831951336366,0.000001912500694080278,0.0000000000012612521934398959,0.00000006252809728647071,0.000000005714296063097233,0.00000000021895134249722412,0.000000000005531164188755646,
0.12666666528593934,0.00000000006241827262839562,0.030534589339279303,0.007931993797643918,0.00007888023920529022,0.024991294796884535,0.0000000000050045147848143485,0.0070695697233720605,0.000008135261240249335,0.0000005894162244619081,0.00000001103598833704941,0.000006180260724375205,0.0000000012830372521432244,0.01586924232202517,0.0002493189392777876,0.2035408562678222,0.0012207384652028086,0.00000005021662800215967,0.00000000003558330528063896,0.0000000007980142042853986,0.0000000008200495249252981,0.000001911418902649623,0.0000000000012607170725436464,0.00000006254803785229032,0.000000005681828438111558,0.00000000021531840995530065,0.000000000005317116944985738,
0.12833333195727986,0.00000000006003100278155996,0.030603020755329963,0.00793535652715411,0.00007880142035266134,0.024991237500117978,0.00000000000452827223641411,0.0069035374945097365,0.000008185092806031988,0.00000059686375913744,0.00000001105304352904987,0.000006258978734739749,0.0000000012823652993507488,0.01588959535971479,0.00025268182779488737,0.2035205032697191,0.0012377286574697132,0.000000050259725789665116,0.00000000003470705683527233,0.0000000007496609108300084,0.0000000007816351375443537,0.0000019103318196035187,0.0000000000012601828242727164,0.00000006256769593159013,0.000000005649727678676484,0.00000000021178543607885844,0.000000000005238613043931759,
0.12999999862862038,0.000000000057712198191757374,0.030669666099660972,0.007938716624785772,0.00007872267993422,0.02499118007689597,0.000000000004097350158560759,0.006743789490674946,0.000008234988920330181,0.000000604372753916172,0.000000011070521639779978,0.000006337622941836867,0.0000000012816943536810744,0.01590994636222493,0.00025604207577849817,0.2035001523041352,0.0012547194550719682,0.0000000503027973078757,0.000000000033810543507723945,0.0000000007036968378435544,0.0000000007446602677478057,0.000001909239619151203,0.0000000000012596494462062818,0.00000006258707794492783,0.00000000561798760167566,0.00000000020834909884633627,0.00000000000516808728604772,
0.1316666652999609,0.000000000055460483566413484,0.03073454392005871,0.00794207409568454,0.00007864401787918106,0.0249911225305501,0.000000000003707435738261251,0.006590037418335233,0.000008284946441002476,0.0000006119430097085942,0.00000001108843340279292,0.000006416193304338687,0.000000001281024412311996,0.015930295329760227,0.00025939968868173355,0.20347980337090243,0.0012717108527596755,0.00000005034584260098068,0.00000000003289675121288187,0.0000000006600437663718278,0.0000000007090564339615926,0.0000019081424685517063,0.00000000000125911693589382,0.00000006260619013774945,0.000000005586602162162897,0.00000000020500618222706783,0.000000000005099445768035738,
0.13333333197130143,0.000000000053274663913041706,0.030797676994987457,0.007945428944996556,0.0000785654341164799,0.024991064864373705,0.000000000003354626580942681,0.006442007622229856,0.00000833496227022711,0.0000006195743218437074,0.00000001110678952984814,0.000006494689781337514,0.0000000012803554724739762,0.015950642262522872,0.00026275467193847483,0.2034594564698996,0.0012887028453022263,0.000000050388861712920044,0.00000000003196862530941877,0.00000000061862318921907,0.0000000006747645796681242,0.0000019070405290647085,0.000000000001258585290891974,0.0000000626250385864592,0.000000005555565449523819,0.00000000020175357203682602,0.000000000005032356457406601,
0.13499999862783899,0.000000000051153686656431,0.030859091690800155,0.007948781177880039,0.00007848692857481927,0.02499100708161528,0.0000000000030353916539749835,0.0062994402621976515,0.000008385033360714455,0.0000006272664811722117,0.00000001112560072270154,0.000006573112332077526,0.0000000012796875314057179,0.015970987160717296,0.00026610703095816904,0.20343911160100506,0.0013056954274643174,0.000000050431854687326875,0.000000000031029057132004545,0.0000000005793565547972877,0.00000000064173349066176,0.0000019059339567429713,0.0000000000012580545087626914,0.0000000626436292038098,0.000000005524871683765786,0.00000000019858825239714253,0.0000000000049667597403414575,
0.13666666528437652,0.00000000004909660933191877,0.0309188173866968,0.007952130799448136,0.0000784085011827035,0.024990949185473576,0.000000000002746535946910807,0.006162088546138698,0.000008435156720895128,0.0000006350192750535141,0.000000011144877684293052,0.00000665146091576441,0.0000000012790205863617513,0.015991330024544725,0.0002694567711394811,0.2034187687641591,0.0013226885940631563,0.00000005047482156787329,0.00000000003008087139222838,0.0000000005421654966719207,0.0000000006099184459721719,0.0000019048229030915214,0.0000000000012575245870822424,0.00000006266196774376468,0.000000005494515211928755,0.00000000019550730266851505,0.0000000000049026098656634,
0.13833333194091407,0.00000000004710257204576069,0.030976885961274226,0.00795547781479841,0.00007833015186847112,0.02499089117906071,0.000000000002485168494745717,0.00602971801392067,0.000008485329419195558,0.0000006428324882360167,0.000000011164631129326852,0.000006729735491442333,0.0000000012783546346064776,0.016011670854210017,0.000272803897863137,0.2033984279591926,0.0013396823399375354,0.000000050517762398106464,0.00000000002912681451684005,0.0000000005069720486520657,0.0000000005792800675486552,0.000001903707515613976,0.0000000000012569955234365013,0.00000006268005980593277,0.000000005464490504615213,0.00000000019250789475060732,0.0000000000048398628918980894,
0.13999999859745163,0.000000000045170774030659926,0.031033331335010263,0.007958822229028644,0.00007825188056032314,0.024990833065481607,0.000000000002248673444170073,0.0059021058676711115,0.000008535548587501411,0.0000006507059036405856,0.000000011184871794251653,0.000006807936017927513,0.000000001277689673412469,0.016032009649916072,0.0002761484164881843,0.20337808918596578,0.0013566766599316402,0.00000005056067722133147,0.000000000028169543979079504,0.0000000004736988453547143,0.0000000005497833396873475,0.000001902587938263246,0.0000000000012564673154184118,0.00000006269791083966753,0.0000000054347921526313495,0.00000000018958729066180846,0.000000000004778476157738919,
